"","Time","Treatment_Rate","Run_Number","Blood_Smear_Parasite_Prevalence","PCR_Parasite_Prevalence","PfHRP2_Prevalence","node_id","Births"
"5111",1,0.5,3,0.451940224976357,0.477646464579875,0.478694191990342,1,1
"5112",2,0.5,3,0.448060660969544,0.480479003754101,0.482573755997155,1,1
"5113",3,0.5,3,0.444183396500569,0.483310648276141,0.48645102046613,1,1
"5114",4,0.5,3,0.440309580486573,0.486140950996498,0.490324836480126,1,1
"5115",5,0.5,3,0.436440360822843,0.488969464977564,0.494194056143856,1,1
"5116",6,0.5,3,0.432576884042672,0.491795743564193,0.498057532924027,1,1
"5117",7,0.5,3,0.428720294977609,0.49461934045423,0.50191412198909,1,1
"5118",8,0.5,3,0.424871736418227,0.497439809768997,0.505762680548472,1,1
"5119",9,0.5,3,0.421032348775486,0.500256706123691,0.509602068191213,1,1
"5120",10,0.5,3,0.417203269742804,0.503069584697724,0.513431147223895,1,1
"5121",11,0.5,3,0.413385633958938,0.505878001304962,0.517248783007761,1,1
"5122",12,0.5,3,0.409580572671761,0.508681512463865,0.521053844294938,1,1
"5123",13,0.5,3,0.405789213403053,0.511479675467523,0.524845203563646,1,1
"5124",14,0.5,3,0.40201267961439,0.514272048453559,0.528621737352309,1,1
"5125",15,0.5,3,0.398252090374237,0.51705819047391,0.532382326592462,1,1
"5126",16,0.5,3,0.394508560026347,0.519837661564452,0.536125856940353,1,1
"5127",17,0.5,3,0.390783197859552,0.522610022814478,0.539851219107147,1,1
"5128",18,0.5,3,0.387077107779065,0.525374836436011,0.543557309187634,1,1
"5129",19,0.5,3,0.383391387979358,0.528131665832928,0.547243028987341,1,1
"5130",20,0.5,3,0.379727130618753,0.530880075669909,0.550907286347946,1,1
"5131",21,0.5,3,0.376085421495788,0.53361963194118,0.554548995470911,1,1
"5132",22,0.5,3,0.37246733972747,0.536349902039048,0.558167077239229,1,1
"5133",23,0.5,3,0.368873957429511,0.539070454822215,0.561760459537188,1,1
"5134",24,0.5,3,0.365306339398638,0.541780860683858,0.565328077568061,1,1
"5135",25,0.5,3,0.361765542797069,0.544480691619471,0.56886887416963,1,1
"5136",26,0.5,3,0.358252616839254,0.547169521294453,0.572381800127445,1,1
"5137",27,0.5,3,0.354768602480969,0.549846925111428,0.57586581448573,1,1
"5138",28,0.5,3,0.35131453211086,0.552512480277296,0.57931988485584,1,1
"5139",29,0.5,3,0.347891429244521,0.555165765869996,0.582742987722178,1,1
"5140",30,0.5,3,0.34450030822121,0.557806362904974,0.586134108745489,1,1
"5141",31,0.5,3,0.341142173903272,0.56043385440135,0.589492243063427,1,1
"5142",32,0.5,3,0.337818021378379,0.563047825447755,0.59281639558832,1,1
"5143",33,0.5,3,0.334528835664666,0.565647863267861,0.596105581302033,1,1
"5144",34,0.5,3,0.331275591418847,0.568233557285554,0.599358825547852,1,1
"5145",35,0.5,3,0.328059252647401,0.570804499189775,0.602575164319298,1,1
"5146",36,0.5,3,0.324880772420922,0.573360282998994,0.605753644545777,1,1
"5147",37,0.5,3,0.321741092591698,0.575900505125319,0.608893324375001,1,1
"5148",38,0.5,3,0.318641143514621,0.578424764438231,0.611993273452078,1,1
"5149",39,0.5,3,0.315581843771506,0.580932662327921,0.615052573195193,1,1
"5150",40,0.5,3,0.312564099898892,0.58342380276824,0.618070317067807,1,1
"5151",41,0.5,3,0.309588806119417,0.585897792379234,0.621045610847283,1,1
"5152",42,0.5,3,0.306656844076838,0.588354240489264,0.623977572889861,1,1
"5153",43,0.5,3,0.303769082574788,0.590792759196698,0.626865334391911,1,1
"5154",44,0.5,3,0.300926377319321,0.593212963431164,0.629708039647378,1,1
"5155",45,0.5,3,0.298129570665355,0.595614471014357,0.632504846301344,1,1
"5156",46,0.5,3,0.295379491367063,0.59799690272039,0.635254925599636,1,1
"5157",47,0.5,3,0.292676954332291,0.600359882335679,0.637957462634408,1,1
"5158",48,0.5,3,0.290022760381089,0.602703036718351,0.64061165658561,1,1
"5159",49,0.5,3,0.287417696008407,0.605025995857165,0.643216720958292,1,1
"5160",50,0.5,3,0.284862533151039,0.607328392929945,0.64577188381566,1,1
"5161",51,0.5,3,0.282358028958886,0.609609864361502,0.648276388007813,1,1
"5162",52,0.5,3,0.279904925570592,0.611870049881052,0.650729491396107,1,1
"5163",53,0.5,3,0.277503949893632,0.614108592579098,0.653130467073067,1,1
"5164",54,0.5,3,0.275155813388917,0.616325138963798,0.655478603577782,1,1
"5165",55,0.5,3,0.272861211859971,0.618519339016784,0.657773205106728,1,1
"5166",56,0.5,3,0.270620825246748,0.620690846248432,0.660013591719951,1,1
"5167",57,0.5,3,0.268435317424152,0.622839317752576,0.662199099542547,1,1
"5168",58,0.5,3,0.26630533600532,0.62496441426066,0.66432908096138,1,1
"5169",59,0.5,3,0.264231512149713,0.627065800195311,0.666402904816986,1,1
"5170",60,0.5,3,0.262214460376098,0.629143143723329,0.668419956590601,1,1
"5171",61,0.5,3,0.260254778380446,0.63119611680809,0.670379638586253,1,1
"5172",62,0.5,3,0.258353046858826,0.633224395261345,0.672281370107873,1,1
"5173",63,0.5,3,0.25650982933533,0.635227658794414,0.674124587631369,1,1
"5174",64,0.5,3,0.254725671995091,0.637205591068762,0.675908744971608,1,1
"5175",65,0.5,3,0.253001103522435,0.639157879745955,0.677633313444264,1,1
"5176",66,0.5,3,0.251336634944217,0.641084216536978,0.679297782022482,1,1
"5177",67,0.5,3,0.249732759478402,0.642984297250922,0.680901657488297,1,1
"5178",68,0.5,3,0.248189952387902,0.644857821843015,0.682444464578797,1,1
"5179",69,0.5,3,0.246708670839757,0.646704494462005,0.683925746126942,1,1
"5180",70,0.5,3,0.245289353769657,0.64852402349688,0.685345063197042,1,1
"5181",71,0.5,3,0.243932421751881,0.650316121622911,0.686701995214818,1,1
"5182",72,0.5,3,0.242638276874672,0.652080505847029,0.687996140092027,1,1
"5183",73,0.5,3,0.241407302621086,0.653816897552513,0.689227114345613,1,1
"5184",74,0.5,3,0.240239863755362,0.655525022542983,0.690394553211337,1,1
"5185",75,0.5,3,0.23913630621483,0.657204611085702,0.691498110751869,1,1
"5186",76,0.5,3,0.238096957007407,0.658855397954169,0.692537459959292,1,1
"5187",77,0.5,3,0.237122124114693,0.66047712247,0.693512292852006,1,1
"5188",78,0.5,3,0.236212096400715,0.662069528544096,0.694422320565985,1,1
"5189",79,0.5,3,0.235367143526322,0.663632364717076,0.695267273440377,1,1
"5190",80,0.5,3,0.234587515869288,0.665165384198993,0.696046901097411,1,1
"5191",81,0.5,3,0.233873444450113,0.666668344908298,0.696760972516587,1,1
"5192",82,0.5,3,0.233225140863569,0.668141009510074,0.69740927610313,1,1
"5193",83,0.5,3,0.232642797216001,0.669583145453507,0.697991619750699,1,1
"5194",84,0.5,3,0.232126586068399,0.670994525008615,0.6985078308983,1,1
"5195",85,0.5,3,0.231676660385267,0.672374925302204,0.698957756581432,1,1
"5196",86,0.5,3,0.231293153489296,0.673724128353066,0.699341263477403,1,1
"5197",87,0.5,3,0.230976179021855,0.675041921106399,0.699658237944844,1,1
"5198",88,0.5,3,0.23072583090932,0.676328095467451,0.699908586057379,1,1
"5199",89,0.5,3,0.230542183335239,0.67758244833438,0.70009223363146,1,1
"5200",90,0.5,3,0.230425290718353,0.678804781630328,0.700209126248346,1,1
"5201",91,0.5,3,0.230375187696466,0.679994902334698,0.700259229270233,1,1
"5202",92,0.5,3,0.230391889116185,0.681152622513633,0.700242527850514,1,1
"5203",93,0.5,3,0.23047539002852,0.682277759349697,0.70015902693818,1,1
"5204",94,0.5,3,0.230625665690346,0.683370135170741,0.700008751276353,1,1
"5205",95,0.5,3,0.230842671571744,0.68442957747796,0.699791745394955,1,1
"5206",96,0.5,3,0.231126343369186,0.685455918973131,0.699508073597513,1,1
"5207",97,0.5,3,0.231476597024597,0.686448997585034,0.699157819942102,1,1
"5208",98,0.5,3,0.23189332875026,0.687408656495045,0.698741088216439,1,1
"5209",99,0.5,3,0.23237641505957,0.688334744161898,0.698258001907129,1,1
"5210",100,0.5,3,0.232925712803629,0.689227114345613,0.69770870416307,1,1
"5211",101,0.5,3,0.23354105921366,0.690085626130595,0.697093357753039,1,1
"5212",102,0.5,3,0.234222271949241,0.690910143947879,0.696412145017458,1,1
"5213",103,0.5,3,0.234969149152337,0.691700537596546,0.695665267814362,1,1
"5214",104,0.5,3,0.235781469507115,0.692456682264275,0.694852947459584,1,1
"5215",105,0.5,3,0.23665899230552,0.693178458547057,0.693975424661179,1,1
"5216",106,0.5,3,0.237601457518611,0.693865752468051,0.693032959448088,1,1
"5217",107,0.5,3,0.238608585873603,0.694518455495579,0.692025831093096,1,1
"5218",108,0.5,3,0.239680078936631,0.695136464560266,0.690954338030068,1,1
"5219",109,0.5,3,0.240815619201174,0.695719682071318,0.689818797765525,1,1
"5220",110,0.5,3,0.242014870182145,0.696268015931927,0.688619546784554,1,1
"5221",111,0.5,3,0.243277476515597,0.696781379553822,0.687356940451102,1,1
"5222",112,0.5,3,0.244603064064024,0.697259691870934,0.686031352902675,1,1
"5223",113,0.5,3,0.245991240027226,0.697702877352205,0.684643176939473,1,1
"5224",114,0.5,3,0.247441593058707,0.69811086601351,0.683192823907992,1,1
"5225",115,0.5,3,0.248953693387562,0.698483593428709,0.681680723579137,1,1
"5226",116,0.5,3,0.250527092945829,0.698821000739822,0.68010732402087,1,1
"5227",117,0.5,3,0.252161325501264,0.699123034666324,0.678473091465435,1,1
"5228",118,0.5,3,0.25385590679549,0.699389647513557,0.676778510171209,1,1
"5229",119,0.5,3,0.255610334687497,0.699620797180261,0.675024082279202,1,1
"5230",120,0.5,3,0.257424089302438,0.699816447165224,0.673210327664261,1,1
"5231",121,0.5,3,0.259296633185676,0.699976566573046,0.671337783781023,1,1
"5232",122,0.5,3,0.261227411462045,0.700101130119015,0.669407005504654,1,1
"5233",123,0.5,3,0.263215852000274,0.700190118133105,0.667418564966425,1,1
"5234",124,0.5,3,0.265261365582516,0.700243516563076,0.665373051384183,1,1
"5235",125,0.5,3,0.26736334607895,0.700261316976697,0.663271070887749,1,1
"5236",126,0.5,3,0.269521170627393,0.700243516563076,0.661113246339306,1,1
"5237",127,0.5,3,0.271734199817859,0.700190118133105,0.65890021714884,1,1
"5238",128,0.5,3,0.274001777882039,0.700101130119015,0.65663263908466,1,1
"5239",129,0.5,3,0.276323232887615,0.699976566573046,0.654311184079084,1,1
"5240",130,0.5,3,0.278697876937366,0.699816447165224,0.651936540029333,1,1
"5241",131,0.5,3,0.281125006373013,0.699620797180261,0.649509410593686,1,1
"5242",132,0.5,3,0.28360390198372,0.699389647513557,0.647030514982979,1,1
"5243",133,0.5,3,0.286133829219221,0.699123034666324,0.644500587747478,1,1
"5244",134,0.5,3,0.288714038407475,0.698821000739822,0.641920378559224,1,1
"5245",135,0.5,3,0.291343764976813,0.698483593428709,0.639290651989886,1,1
"5246",136,0.5,3,0.2940222296825,0.69811086601351,0.636612187284199,1,1
"5247",137,0.5,3,0.296748638837636,0.697702877352205,0.633885778129063,1,1
"5248",138,0.5,3,0.29952218454835,0.697259691870934,0.63111223241835,1,1
"5249",139,0.5,3,0.302342044953187,0.696781379553822,0.628292372013512,1,1
"5250",140,0.5,3,0.305207384466654,0.696268015931927,0.625427032500045,1,1
"5251",141,0.5,3,0.308117354026812,0.695719682071318,0.622517062939887,1,1
"5252",142,0.5,3,0.31107109134688,0.695136464560266,0.619563325619819,1,1
"5253",143,0.5,3,0.314067721170741,0.694518455495579,0.616566695795958,1,1
"5254",144,0.5,3,0.317106355532308,0.693865752468051,0.613528061434391,1,1
"5255",145,0.5,3,0.320186094018639,0.693178458547057,0.61044832294806,1,1
"5256",146,0.5,3,0.323306024036755,0.692456682264275,0.607328392929945,1,1
"5257",147,0.5,3,0.326465221084057,0.691700537596546,0.604169195882642,1,1
"5258",148,0.5,3,0.32966274902228,0.690910143947879,0.600971667944419,1,1
"5259",149,0.5,3,0.332897660354887,0.690085626130595,0.597736756611812,1,1
"5260",150,0.5,3,0.336168996507835,0.689227114345613,0.594465420458864,1,1
"5261",151,0.5,3,0.339475788113621,0.688334744161898,0.591158628853078,1,1
"5262",152,0.5,3,0.342817055298526,0.687408656495045,0.587817361668173,1,1
"5263",153,0.5,3,0.346191807972972,0.686448997585034,0.584442608993727,1,1
"5264",154,0.5,3,0.349599046124909,0.685455918973131,0.58103537084179,1,1
"5265",155,0.5,3,0.353037760116138,0.68442957747796,0.577596656850561,1,1
"5266",156,0.5,3,0.35650693098149,0.683370135170741,0.574127485985209,1,1
"5267",157,0.5,3,0.360005530730767,0.682277759349697,0.570628886235932,1,1
"5268",158,0.5,3,0.363532522653357,0.681152622513633,0.567101894313342,1,1
"5269",159,0.5,3,0.367086861625434,0.679994902334698,0.563547555341265,1,1
"5270",160,0.5,3,0.370667494419653,0.678804781630328,0.559966922547046,1,1
"5271",161,0.5,3,0.37427336001724,0.67758244833438,0.556361056949459,1,1
"5272",162,0.5,3,0.377903389922397,0.676328095467451,0.552731027044302,1,1
"5273",163,0.5,3,0.381556508478922,0.675041921106399,0.549077908487777,1,1
"5274",164,0.5,3,0.385231633188945,0.673724128353066,0.545402783777755,1,1
"5275",165,0.5,3,0.388927675033698,0.672374925302204,0.541706741933001,1,1
"5276",166,0.5,3,0.392643538796217,0.670994525008615,0.537990878170482,1,1
"5277",167,0.5,3,0.396378123385873,0.669583145453507,0.534256293580826,1,1
"5278",168,0.5,3,0.400130322164653,0.668141009510074,0.530504094802046,1,1
"5279",169,0.5,3,0.403899023275081,0.666668344908298,0.526735393691618,1,1
"5280",170,0.5,3,0.407683109969682,0.665165384198993,0.522951306997017,1,1
"5281",171,0.5,3,0.411481460941901,0.663632364717076,0.519152956024798,1,1
"5282",172,0.5,3,0.41529295065837,0.662069528544096,0.51534146630833,1,1
"5283",173,0.5,3,0.419116449692427,0.66047712247,0.511517967274272,1,1
"5284",174,0.5,3,0.422950825058791,0.658855397954169,0.507683591907909,1,1
"5285",175,0.5,3,0.426794940549287,0.657204611085702,0.503839476417412,1,1
"5286",176,0.5,3,0.430647657069534,0.655525022542983,0.499986759897165,1,1
"5287",177,0.5,3,0.434507832976478,0.653816897552513,0.496126583990221,1,1
"5288",178,0.5,3,0.438374324416689,0.652080505847029,0.49226009255001,1,1
"5289",179,0.5,3,0.442245985665306,0.650316121622911,0.488388431301393,1,1
"5290",180,0.5,3,0.446121669465545,0.64852402349688,0.484512747501155,1,1
"5291",181,0.5,3,0.450000227368651,0.646704494462006,0.480634189598048,1,1
"5292",182,0.5,3,0.453880510074212,0.644857821843015,0.476753906892488,1,1
"5293",183,0.5,3,0.457761367770718,0.642984297250922,0.472873049195981,1,1
"5294",184,0.5,3,0.461641650476279,0.641084216536978,0.46899276649042,1,1
"5295",185,0.5,3,0.465520208379385,0.639157879745955,0.465114208587314,1,1
"5296",186,0.5,3,0.469395892179624,0.637205591068762,0.461238524787075,1,1
"5297",187,0.5,3,0.473267553428241,0.635227658794414,0.457366863538458,1,1
"5298",188,0.5,3,0.477134044868451,0.633224395261345,0.453500372098248,1,1
"5299",189,0.5,3,0.480994220775395,0.63119611680809,0.449640196191304,1,1
"5300",190,0.5,3,0.484846937295642,0.629143143723329,0.445787479671057,1,1
"5301",191,0.5,3,0.488691052786139,0.627065800195311,0.44194336418056,1,1
"5302",192,0.5,3,0.492525428152503,0.62496441426066,0.438108988814196,1,1
"5303",193,0.5,3,0.49634892718656,0.622839317752576,0.434285489780139,1,1
"5304",194,0.5,3,0.500160416903029,0.620690846248432,0.43047400006367,1,1
"5305",195,0.5,3,0.503958767875248,0.618519339016784,0.426675649091451,1,1
"5306",196,0.5,3,0.507742854569849,0.616325138963798,0.42289156239685,1,1
"5307",197,0.5,3,0.511511555680276,0.614108592579098,0.419122861286423,1,1
"5308",198,0.5,3,0.515263754459057,0.611870049881052,0.415370662507642,1,1
"5309",199,0.5,3,0.518998339048713,0.609609864361503,0.411636077917986,1,1
"5310",200,0.5,3,0.522714202811231,0.607328392929945,0.407920214155468,1,1
"5311",201,0.5,3,0.526410244655985,0.605025995857165,0.404224172310714,1,1
"5312",202,0.5,3,0.530085369366008,0.602703036718351,0.400549047600691,1,1
"5313",203,0.5,3,0.533738487922532,0.600359882335679,0.396895929044167,1,1
"5314",204,0.5,3,0.53736851782769,0.59799690272039,0.39326589913901,1,1
"5315",205,0.5,3,0.540974383425276,0.595614471014357,0.389660033541423,1,1
"5316",206,0.5,3,0.544555016219495,0.593212963431164,0.386079400747204,1,1
"5317",207,0.5,3,0.548109355191573,0.590792759196698,0.382525061775126,1,1
"5318",208,0.5,3,0.551636347114163,0.588354240489264,0.378998069852537,1,1
"5319",209,0.5,3,0.555134946863439,0.585897792379234,0.37549947010326,1,1
"5320",210,0.5,3,0.558604117728791,0.58342380276824,0.372030299237908,1,1
"5321",211,0.5,3,0.56204283172002,0.580932662327921,0.368591585246679,1,1
"5322",212,0.5,3,0.565450069871957,0.578424764438231,0.365184347094742,1,1
"5323",213,0.5,3,0.568824822546403,0.575900505125319,0.361809594420296,1,1
"5324",214,0.5,3,0.572166089731308,0.573360282998994,0.358468327235391,1,1
"5325",215,0.5,3,0.575472881337094,0.570804499189775,0.355161535629605,1,1
"5326",216,0.5,3,0.578744217490043,0.568233557285554,0.351890199476656,1,1
"5327",217,0.5,3,0.58197912882265,0.565647863267861,0.348655288144049,1,1
"5328",218,0.5,3,0.585176656760873,0.563047825447755,0.345457760205826,1,1
"5329",219,0.5,3,0.588335853808175,0.56043385440135,0.342298563158524,1,1
"5330",220,0.5,3,0.591455783826291,0.557806362904974,0.339178633140408,1,1
"5331",221,0.5,3,0.594535522312622,0.555165765869996,0.336098894654077,1,1
"5332",222,0.5,3,0.597574156674188,0.552512480277296,0.333060260292511,1,1
"5333",223,0.5,3,0.60057078649805,0.549846925111428,0.330063630468649,1,1
"5334",224,0.5,3,0.603524523818117,0.547169521294453,0.327109893148582,1,1
"5335",225,0.5,3,0.606434493378276,0.544480691619471,0.324199923588423,1,1
"5336",226,0.5,3,0.609299832891742,0.541780860683858,0.321334584074957,1,1
"5337",227,0.5,3,0.61211969329658,0.539070454822215,0.318514723670119,1,1
"5338",228,0.5,3,0.614893239007293,0.536349902039048,0.315741177959406,1,1
"5339",229,0.5,3,0.61761964816243,0.53361963194118,0.313014768804269,1,1
"5340",230,0.5,3,0.620298112868117,0.530880075669909,0.310336304098583,1,1
"5341",231,0.5,3,0.622927839437455,0.528131665832928,0.307706577529244,1,1
"5342",232,0.5,3,0.625508048625709,0.525374836436011,0.305126368340991,1,1
"5343",233,0.5,3,0.628037975861209,0.522610022814479,0.30259644110549,1,1
"5344",234,0.5,3,0.630516871471917,0.519837661564452,0.300117545494782,1,1
"5345",235,0.5,3,0.632944000907563,0.51705819047391,0.297690416059136,1,1
"5346",236,0.5,3,0.635318644957315,0.514272048453559,0.295315772009384,1,1
"5347",237,0.5,3,0.63764009996289,0.511479675467523,0.292994317003809,1,1
"5348",238,0.5,3,0.63990767802707,0.508681512463865,0.290726738939629,1,1
"5349",239,0.5,3,0.642120707217537,0.505878001304962,0.288513709749162,1,1
"5350",240,0.5,3,0.644278531765979,0.503069584697724,0.28635588520072,1,1
"5351",241,0.5,3,0.646380512262414,0.500256706123691,0.284253904704285,1,1
"5352",242,0.5,3,0.648426025844656,0.497439809768997,0.282208391122043,1,1
"5353",243,0.5,3,0.650414466382884,0.49461934045423,0.280219950583815,1,1
"5354",244,0.5,3,0.652345244659254,0.491795743564193,0.278289172307445,1,1
"5355",245,0.5,3,0.654217788542492,0.488969464977565,0.276416628424207,1,1
"5356",246,0.5,3,0.656031543157433,0.486140950996498,0.274602873809266,1,1
"5357",247,0.5,3,0.65778597104944,0.483310648276141,0.272848445917259,1,1
"5358",248,0.5,3,0.659480552343666,0.480479003754101,0.271153864623033,1,1
"5359",249,0.5,3,0.6611147848991,0.477646464579875,0.269519632067599,1,1
"5360",250,0.5,3,0.662688184457368,0.474813478044234,0.267946232509331,1,1
"5361",251,0.5,3,0.664200284786223,0.471980491508593,0.266434132180476,1,1
"5362",252,0.5,3,0.665650637817704,0.469147952334367,0.264983779148996,1,1
"5363",253,0.5,3,0.667038813780906,0.466316307812328,0.263595603185793,1,1
"5364",254,0.5,3,0.668364401329333,0.46348600509197,0.262270015637367,1,1
"5365",255,0.5,3,0.669627007662784,0.460657491110904,0.261007409303915,1,1
"5366",256,0.5,3,0.670826258643756,0.457831212524276,0.259808158322943,1,1
"5367",257,0.5,3,0.671961798908299,0.455007615634238,0.2586726180584,1,1
"5368",258,0.5,3,0.673033291971326,0.452187146319472,0.257601124995373,1,1
"5369",259,0.5,3,0.674040420326319,0.449370249964778,0.25659399664038,1,1
"5370",260,0.5,3,0.674982885539409,0.446557371390744,0.25565153142729,1,1
"5371",261,0.5,3,0.675860408337815,0.443748954783507,0.254774008628884,1,1
"5372",262,0.5,3,0.676672728692592,0.440945443624604,0.253961688274107,1,1
"5373",263,0.5,3,0.677419605895689,0.438147280620946,0.253214811071011,1,1
"5374",264,0.5,3,0.67810081863127,0.435354907634909,0.252533598335429,1,1
"5375",265,0.5,3,0.678716165041301,0.432568765614559,0.251918251925398,1,1
"5376",266,0.5,3,0.679265462785359,0.429789294524017,0.25136895418134,1,1
"5377",267,0.5,3,0.67974854909467,0.42701693327399,0.250885867872029,1,1
"5378",268,0.5,3,0.680165280820333,0.424252119652457,0.250469136146366,1,1
"5379",269,0.5,3,0.680515534475744,0.421495290255541,0.250118882490955,1,1
"5380",270,0.5,3,0.680799206273186,0.41874688041856,0.249835210693513,1,1
"5381",271,0.5,3,0.681016212154584,0.416007324147289,0.249618204812116,1,1
"5382",272,0.5,3,0.68116648781641,0.413277054049421,0.249467929150289,1,1
"5383",273,0.5,3,0.681249988728744,0.410556501266254,0.249384428237955,1,1
"5384",274,0.5,3,0.681266690148463,0.407846095404611,0.249367726818236,1,1
"5385",275,0.5,3,0.681216587126577,0.405146264468997,0.249417829840122,1,1
"5386",276,0.5,3,0.68109969450969,0.402457434794015,0.249534722457009,1,1
"5387",277,0.5,3,0.68091604693561,0.399780030977041,0.249718370031089,1,1
"5388",278,0.5,3,0.680665698823075,0.397114475811173,0.249968718143624,1,1
"5389",279,0.5,3,0.680348724355634,0.394461190218473,0.250285692611065,1,1
"5390",280,0.5,3,0.679965217459663,0.391820593183494,0.250669199507037,1,1
"5391",281,0.5,3,0.679515291776531,0.389193101687119,0.251119125190168,1,1
"5392",282,0.5,3,0.678999080628929,0.386579130640713,0.25163533633777,1,1
"5393",283,0.5,3,0.678416736981361,0.383979092820608,0.252217679985338,1,1
"5394",284,0.5,3,0.677768433394817,0.381393398802915,0.252865983571882,1,1
"5395",285,0.5,3,0.677054361975642,0.378822456898694,0.253580054991057,1,1
"5396",286,0.5,3,0.676274734318608,0.376266673089475,0.254359682648091,1,1
"5397",287,0.5,3,0.675429781444215,0.373726450963149,0.255204635522484,1,1
"5398",288,0.5,3,0.674519753730236,0.371202191650237,0.256114663236463,1,1
"5399",289,0.5,3,0.673544920837523,0.368694293760548,0.257089496129176,1,1
"5400",290,0.5,3,0.6725055716301,0.366203153320229,0.258128845336599,1,1
"5401",291,0.5,3,0.671402014089568,0.363729163709235,0.259232402877131,1,1
"5402",292,0.5,3,0.670234575223844,0.361272715599204,0.260399841742856,1,1
"5403",293,0.5,3,0.669003600970258,0.35883419689177,0.261630815996441,1,1
"5404",294,0.5,3,0.667709456093048,0.356413992657305,0.262924960873651,1,1
"5405",295,0.5,3,0.666352524075273,0.354012485074112,0.264281892891426,1,1
"5406",296,0.5,3,0.664933207005173,0.351630053368079,0.265701209961526,1,1
"5407",297,0.5,3,0.663451925457027,0.34926707375279,0.267182491509672,1,1
"5408",298,0.5,3,0.661909118366528,0.346923919370118,0.268725298600171,1,1
"5409",299,0.5,3,0.660305242900712,0.344600960231304,0.270329174065987,1,1
"5410",300,0.5,3,0.658640774322495,0.342298563158524,0.271993642644204,1,1
"5411",301,0.5,3,0.656916205849838,0.340017091726966,0.273718211116861,1,1
"5412",302,0.5,3,0.655132048509599,0.337756906207417,0.2755023684571,1,1
"5413",303,0.5,3,0.653288830986104,0.335518363509371,0.277345585980595,1,1
"5414",304,0.5,3,0.651387099464484,0.33330181712467,0.279247317502215,1,1
"5415",305,0.5,3,0.649427417468832,0.331107617071684,0.281206999497867,1,1
"5416",306,0.5,3,0.647410365695217,0.328936109840037,0.283224051271482,1,1
"5417",307,0.5,3,0.64533654183961,0.326787638335893,0.285297875127089,1,1
"5418",308,0.5,3,0.643206560420778,0.324662541827809,0.287427856545922,1,1
"5419",309,0.5,3,0.641021052598182,0.322561155893158,0.289613364368517,1,1
"5420",310,0.5,3,0.638780665984959,0.32048381236514,0.29185375098174,1,1
"5421",311,0.5,3,0.636486064456012,0.318430839280379,0.294148352510687,1,1
"5422",312,0.5,3,0.634137927951298,0.316402560827124,0.296496489015401,1,1
"5423",313,0.5,3,0.631736952274338,0.314399297294055,0.298897464692361,1,1
"5424",314,0.5,3,0.629283848886043,0.312421365019706,0.301350568080656,1,1
"5425",315,0.5,3,0.626779344693891,0.310469076342514,0.303855072272809,1,1
"5426",316,0.5,3,0.624224181836523,0.30854273955149,0.306410235130176,1,1
"5427",317,0.5,3,0.621619117463841,0.306642658837547,0.309015299502858,1,1
"5428",318,0.5,3,0.618964923512639,0.304769134245454,0.311669493454061,1,1
"5429",319,0.5,3,0.616262386477867,0.302922461626463,0.314372030488832,1,1
"5430",320,0.5,3,0.613512307179574,0.301102932591589,0.317122109787125,1,1
"5431",321,0.5,3,0.610715500525609,0.299310834465558,0.31991891644109,1,1
"5432",322,0.5,3,0.607872795270142,0.297546450241439,0.322761621696557,1,1
"5433",323,0.5,3,0.604985033768091,0.295810058535955,0.325649383198608,1,1
"5434",324,0.5,3,0.602053071725513,0.294101933545485,0.328581345241186,1,1
"5435",325,0.5,3,0.599077777946038,0.292422345002766,0.331556639020661,1,1
"5436",326,0.5,3,0.596060034073424,0.290771558134299,0.334574382893275,1,1
"5437",327,0.5,3,0.593000734330309,0.289149833618468,0.33763368263639,1,1
"5438",328,0.5,3,0.589900785253232,0.287557427544373,0.340733631713467,1,1
"5439",329,0.5,3,0.586761105424008,0.285994591371393,0.343873311542691,1,1
"5440",330,0.5,3,0.583582625197528,0.284461571889476,0.347051791769171,1,1
"5441",331,0.5,3,0.580366286426083,0.28295861118017,0.350268130540616,1,1
"5442",332,0.5,3,0.577113042180263,0.281485946578395,0.353521374786436,1,1
"5443",333,0.5,3,0.573823856466551,0.280043810634961,0.356810560500148,1,1
"5444",334,0.5,3,0.570499703941658,0.278632431079854,0.360134713025041,1,1
"5445",335,0.5,3,0.567141569623719,0.277252030786264,0.36349284734298,1,1
"5446",336,0.5,3,0.563750448600408,0.275902827735402,0.366883968366291,1,1
"5447",337,0.5,3,0.56032734573407,0.274585034982069,0.370307071232629,1,1
"5448",338,0.5,3,0.556873275363961,0.273298860621017,0.373761141602738,1,1
"5449",339,0.5,3,0.553389261005676,0.272044507754088,0.377245155961023,1,1
"5450",340,0.5,3,0.54987633504786,0.27082217445814,0.380758081918839,1,1
"5451",341,0.5,3,0.546335538446291,0.269632053753771,0.384298878520408,1,1
"5452",342,0.5,3,0.542767920415418,0.268474333574836,0.387866496551281,1,1
"5453",343,0.5,3,0.53917453811746,0.267349196738771,0.391459878849239,1,1
"5454",344,0.5,3,0.535556456349142,0.266256820917727,0.395077960617558,1,1
"5455",345,0.5,3,0.531914747226176,0.265197378610509,0.398719669740523,1,1
"5456",346,0.5,3,0.528250489865572,0.264171037115338,0.402383927101127,1,1
"5457",347,0.5,3,0.524564770065865,0.263177958503435,0.406069646900834,1,1
"5458",348,0.5,3,0.520858679985377,0.262218299593423,0.409775736981322,1,1
"5459",349,0.5,3,0.517133317818583,0.261292211926571,0.413501099148116,1,1
"5460",350,0.5,3,0.513389787470693,0.260399841742856,0.417244629496006,1,1
"5461",351,0.5,3,0.50962919823054,0.259541329957874,0.421005218736159,1,1
"5462",352,0.5,3,0.505852664441876,0.258716812140589,0.424781752524823,1,1
"5463",353,0.5,3,0.502061305173169,0.257926418491922,0.42857311179353,1,1
"5464",354,0.5,3,0.498256243885992,0.257170273824194,0.432378173080707,1,1
"5465",355,0.5,3,0.494438608102126,0.256448497541411,0.436195808864573,1,1
"5466",356,0.5,3,0.490609529069444,0.255761203620417,0.440024887897255,1,1
"5467",357,0.5,3,0.486770141426702,0.25510850059289,0.443864275539997,1,1
"5468",358,0.5,3,0.482921582867321,0.254490491528202,0.447712834099379,1,1
"5469",359,0.5,3,0.479064993802258,0.253907274017151,0.451569423164441,1,1
"5470",360,0.5,3,0.475201517022086,0.253358940156541,0.455432899944613,1,1
"5471",361,0.5,3,0.471332297358357,0.252845576534647,0.459302119608342,1,1
"5472",362,0.5,3,0.46745848134436,0.252367264217534,0.463175935622339,1,1
"5473",363,0.5,3,0.463581216875386,0.251924078736263,0.467053200091313,1,1
"5474",364,0.5,3,0.459701652868573,0.251516090074958,0.470932764098126,1,1
"5475",365,0.5,3,0.455820938922465,0.25114336265976,0.474813478044234,1,1
"5476",366,0.5,3,0.451940224976357,0.250805955348646,0.478694191990342,1,1
"5477",367,0.5,3,0.448060660969544,0.250503921422144,0.482573755997155,1,1
"5478",368,0.5,3,0.44418339650057,0.250237308574912,0.486451020466129,1,1
"5479",369,0.5,3,0.440309580486573,0.250006158908208,0.490324836480126,1,1
"5480",370,0.5,3,0.436440360822843,0.249810508923245,0.494194056143856,1,1
"5481",371,0.5,3,0.432576884042672,0.249650389515423,0.498057532924027,1,1
"5482",372,0.5,3,0.428720294977609,0.249525825969453,0.50191412198909,1,1
"5483",373,0.5,3,0.424871736418228,0.249436837955363,0.505762680548472,1,1
"5484",374,0.5,3,0.421032348775486,0.249383439525393,0.509602068191213,1,1
"5485",375,0.5,3,0.417203269742804,0.249365639111772,0.513431147223895,1,1
"5486",376,0.5,3,0.413385633958938,0.249383439525393,0.517248783007761,1,1
"5487",377,0.5,3,0.409580572671761,0.249436837955363,0.521053844294938,1,1
"5488",378,0.5,3,0.405789213403054,0.249525825969453,0.524845203563646,1,1
"5489",379,0.5,3,0.40201267961439,0.249650389515423,0.528621737352309,1,1
"5490",380,0.5,3,0.398252090374237,0.249810508923245,0.532382326592462,1,1
"5491",381,0.5,3,0.394508560026347,0.250006158908208,0.536125856940352,1,1
"5492",382,0.5,3,0.390783197859552,0.250237308574912,0.539851219107147,1,1
"5493",383,0.5,3,0.387077107779065,0.250503921422144,0.543557309187634,1,1
"5494",384,0.5,3,0.383391387979358,0.250805955348646,0.547243028987341,1,1
"5495",385,0.5,3,0.379727130618754,0.25114336265976,0.550907286347946,1,1
"5496",386,0.5,3,0.376085421495788,0.251516090074958,0.554548995470911,1,1
"5497",387,0.5,3,0.37246733972747,0.251924078736263,0.558167077239229,1,1
"5498",388,0.5,3,0.368873957429511,0.252367264217534,0.561760459537188,1,1
"5499",389,0.5,3,0.365306339398638,0.252845576534647,0.565328077568061,1,1
"5500",390,0.5,3,0.36176554279707,0.253358940156541,0.56886887416963,1,1
"5501",391,0.5,3,0.358252616839254,0.253907274017151,0.572381800127445,1,1
"5502",392,0.5,3,0.354768602480969,0.254490491528202,0.57586581448573,1,1
"5503",393,0.5,3,0.35131453211086,0.25510850059289,0.579319884855839,1,1
"5504",394,0.5,3,0.347891429244521,0.255761203620417,0.582742987722178,1,1
"5505",395,0.5,3,0.34450030822121,0.256448497541411,0.586134108745489,1,1
"5506",396,0.5,3,0.341142173903272,0.257170273824194,0.589492243063427,1,1
"5507",397,0.5,3,0.337818021378379,0.257926418491922,0.59281639558832,1,1
"5508",398,0.5,3,0.334528835664666,0.258716812140589,0.596105581302033,1,1
"5509",399,0.5,3,0.331275591418847,0.259541329957874,0.599358825547852,1,1
"5510",400,0.5,3,0.328059252647401,0.260399841742856,0.602575164319298,1,1
"5511",401,0.5,3,0.324880772420922,0.261292211926571,0.605753644545777,1,1
"5512",402,0.5,3,0.321741092591698,0.262218299593423,0.608893324375001,1,1
"5513",403,0.5,3,0.318641143514621,0.263177958503434,0.611993273452078,1,1
"5514",404,0.5,3,0.315581843771506,0.264171037115338,0.615052573195193,1,1
"5515",405,0.5,3,0.312564099898892,0.265197378610509,0.618070317067807,1,1
"5516",406,0.5,3,0.309588806119417,0.266256820917727,0.621045610847282,1,1
"5517",407,0.5,3,0.306656844076838,0.267349196738771,0.623977572889861,1,1
"5518",408,0.5,3,0.303769082574788,0.268474333574836,0.626865334391911,1,1
"5519",409,0.5,3,0.300926377319321,0.269632053753771,0.629708039647378,1,1
"5520",410,0.5,3,0.298129570665356,0.27082217445814,0.632504846301344,1,1
"5521",411,0.5,3,0.295379491367063,0.272044507754088,0.635254925599636,1,1
"5522",412,0.5,3,0.292676954332291,0.273298860621017,0.637957462634408,1,1
"5523",413,0.5,3,0.290022760381089,0.274585034982069,0.64061165658561,1,1
"5524",414,0.5,3,0.287417696008407,0.275902827735402,0.643216720958292,1,1
"5525",415,0.5,3,0.284862533151039,0.277252030786264,0.64577188381566,1,1
"5526",416,0.5,3,0.282358028958886,0.278632431079854,0.648276388007813,1,1
"5527",417,0.5,3,0.279904925570592,0.280043810634961,0.650729491396107,1,1
"5528",418,0.5,3,0.277503949893632,0.281485946578395,0.653130467073067,1,1
"5529",419,0.5,3,0.275155813388918,0.28295861118017,0.655478603577782,1,1
"5530",420,0.5,3,0.272861211859971,0.284461571889476,0.657773205106728,1,1
"5531",421,0.5,3,0.270620825246748,0.285994591371392,0.660013591719951,1,1
"5532",422,0.5,3,0.268435317424152,0.287557427544373,0.662199099542547,1,1
"5533",423,0.5,3,0.26630533600532,0.289149833618468,0.66432908096138,1,1
"5534",424,0.5,3,0.264231512149713,0.290771558134299,0.666402904816986,1,1
"5535",425,0.5,3,0.262214460376098,0.292422345002766,0.668419956590601,1,1
"5536",426,0.5,3,0.260254778380446,0.294101933545485,0.670379638586253,1,1
"5537",427,0.5,3,0.258353046858826,0.295810058535955,0.672281370107873,1,1
"5538",428,0.5,3,0.25650982933533,0.297546450241439,0.674124587631369,1,1
"5539",429,0.5,3,0.254725671995092,0.299310834465558,0.675908744971607,1,1
"5540",430,0.5,3,0.253001103522435,0.301102932591589,0.677633313444264,1,1
"5541",431,0.5,3,0.251336634944218,0.302922461626463,0.679297782022481,1,1
"5542",432,0.5,3,0.249732759478402,0.304769134245454,0.680901657488297,1,1
"5543",433,0.5,3,0.248189952387902,0.306642658837547,0.682444464578797,1,1
"5544",434,0.5,3,0.246708670839757,0.30854273955149,0.683925746126942,1,1
"5545",435,0.5,3,0.245289353769657,0.310469076342514,0.685345063197042,1,1
"5546",436,0.5,3,0.243932421751881,0.312421365019706,0.686701995214818,1,1
"5547",437,0.5,3,0.242638276874672,0.314399297294055,0.687996140092027,1,1
"5548",438,0.5,3,0.241407302621086,0.316402560827124,0.689227114345613,1,1
"5549",439,0.5,3,0.240239863755362,0.318430839280379,0.690394553211337,1,1
"5550",440,0.5,3,0.23913630621483,0.32048381236514,0.691498110751869,1,1
"5551",441,0.5,3,0.238096957007407,0.322561155893158,0.692537459959292,1,1
"5552",442,0.5,3,0.237122124114693,0.324662541827808,0.693512292852006,1,1
"5553",443,0.5,3,0.236212096400715,0.326787638335893,0.694422320565985,1,1
"5554",444,0.5,3,0.235367143526322,0.328936109840036,0.695267273440377,1,1
"5555",445,0.5,3,0.234587515869288,0.331107617071684,0.696046901097411,1,1
"5556",446,0.5,3,0.233873444450113,0.33330181712467,0.696760972516587,1,1
"5557",447,0.5,3,0.233225140863569,0.335518363509371,0.69740927610313,1,1
"5558",448,0.5,3,0.232642797216001,0.337756906207417,0.697991619750699,1,1
"5559",449,0.5,3,0.232126586068399,0.340017091726966,0.6985078308983,1,1
"5560",450,0.5,3,0.231676660385267,0.342298563158524,0.698957756581432,1,1
"5561",451,0.5,3,0.231293153489296,0.344600960231304,0.699341263477403,1,1
"5562",452,0.5,3,0.230976179021855,0.346923919370118,0.699658237944844,1,1
"5563",453,0.5,3,0.23072583090932,0.349267073752789,0.699908586057379,1,1
"5564",454,0.5,3,0.230542183335239,0.351630053368079,0.70009223363146,1,1
"5565",455,0.5,3,0.230425290718353,0.354012485074112,0.700209126248346,1,1
"5566",456,0.5,3,0.230375187696466,0.356413992657304,0.700259229270233,1,1
"5567",457,0.5,3,0.230391889116185,0.35883419689177,0.700242527850514,1,1
"5568",458,0.5,3,0.23047539002852,0.361272715599204,0.70015902693818,1,1
"5569",459,0.5,3,0.230625665690346,0.363729163709235,0.700008751276353,1,1
"5570",460,0.5,3,0.230842671571744,0.366203153320229,0.699791745394955,1,1
"5571",461,0.5,3,0.231126343369186,0.368694293760547,0.699508073597513,1,1
"5572",462,0.5,3,0.231476597024597,0.371202191650237,0.699157819942102,1,1
"5573",463,0.5,3,0.23189332875026,0.373726450963149,0.698741088216439,1,1
"5574",464,0.5,3,0.23237641505957,0.376266673089475,0.698258001907129,1,1
"5575",465,0.5,3,0.232925712803629,0.378822456898694,0.69770870416307,1,1
"5576",466,0.5,3,0.23354105921366,0.381393398802915,0.697093357753039,1,1
"5577",467,0.5,3,0.234222271949241,0.383979092820608,0.696412145017458,1,1
"5578",468,0.5,3,0.234969149152337,0.386579130640713,0.695665267814362,1,1
"5579",469,0.5,3,0.235781469507115,0.389193101687119,0.694852947459584,1,1
"5580",470,0.5,3,0.23665899230552,0.391820593183494,0.693975424661179,1,1
"5581",471,0.5,3,0.237601457518611,0.394461190218473,0.693032959448088,1,1
"5582",472,0.5,3,0.238608585873603,0.397114475811173,0.692025831093096,1,1
"5583",473,0.5,3,0.239680078936631,0.39978003097704,0.690954338030068,1,1
"5584",474,0.5,3,0.240815619201174,0.402457434794015,0.689818797765525,1,1
"5585",475,0.5,3,0.242014870182145,0.405146264468997,0.688619546784554,1,1
"5586",476,0.5,3,0.243277476515597,0.407846095404611,0.687356940451102,1,1
"5587",477,0.5,3,0.244603064064024,0.410556501266254,0.686031352902675,1,1
"5588",478,0.5,3,0.245991240027226,0.41327705404942,0.684643176939473,1,1
"5589",479,0.5,3,0.247441593058707,0.416007324147288,0.683192823907992,1,1
"5590",480,0.5,3,0.248953693387562,0.41874688041856,0.681680723579137,1,1
"5591",481,0.5,3,0.250527092945829,0.421495290255541,0.68010732402087,1,1
"5592",482,0.5,3,0.252161325501264,0.424252119652457,0.678473091465435,1,1
"5593",483,0.5,3,0.25385590679549,0.42701693327399,0.67677851017121,1,1
"5594",484,0.5,3,0.255610334687497,0.429789294524017,0.675024082279202,1,1
"5595",485,0.5,3,0.257424089302438,0.432568765614559,0.673210327664261,1,1
"5596",486,0.5,3,0.259296633185676,0.435354907634909,0.671337783781023,1,1
"5597",487,0.5,3,0.261227411462046,0.438147280620946,0.669407005504654,1,1
"5598",488,0.5,3,0.263215852000274,0.440945443624603,0.667418564966425,1,1
"5599",489,0.5,3,0.265261365582516,0.443748954783507,0.665373051384184,1,1
"5600",490,0.5,3,0.26736334607895,0.446557371390744,0.663271070887749,1,1
"5601",491,0.5,3,0.269521170627393,0.449370249964777,0.661113246339306,1,1
"5602",492,0.5,3,0.271734199817859,0.452187146319472,0.65890021714884,1,1
"5603",493,0.5,3,0.274001777882039,0.455007615634238,0.65663263908466,1,1
"5604",494,0.5,3,0.276323232887615,0.457831212524276,0.654311184079084,1,1
"5605",495,0.5,3,0.278697876937366,0.460657491110904,0.651936540029333,1,1
"5606",496,0.5,3,0.281125006373013,0.46348600509197,0.649509410593687,1,1
"5607",497,0.5,3,0.28360390198372,0.466316307812328,0.647030514982979,1,1
"5608",498,0.5,3,0.286133829219221,0.469147952334367,0.644500587747478,1,1
"5609",499,0.5,3,0.288714038407475,0.471980491508593,0.641920378559225,1,1
"5610",500,0.5,3,0.291343764976813,0.474813478044234,0.639290651989886,1,1
"5611",501,0.5,3,0.2940222296825,0.477646464579875,0.636612187284199,1,1
"5612",502,0.5,3,0.296748638837636,0.480479003754101,0.633885778129063,1,1
"5613",503,0.5,3,0.299522184548349,0.483310648276141,0.63111223241835,1,1
"5614",504,0.5,3,0.302342044953187,0.486140950996498,0.628292372013512,1,1
"5615",505,0.5,3,0.305207384466654,0.488969464977564,0.625427032500045,1,1
"5616",506,0.5,3,0.308117354026812,0.491795743564192,0.622517062939887,1,1
"5617",507,0.5,3,0.31107109134688,0.49461934045423,0.619563325619819,1,1
"5618",508,0.5,3,0.314067721170741,0.497439809768997,0.616566695795958,1,1
"5619",509,0.5,3,0.317106355532308,0.500256706123691,0.613528061434391,1,1
"5620",510,0.5,3,0.320186094018639,0.503069584697724,0.610448322948061,1,1
"5621",511,0.5,3,0.323306024036754,0.505878001304962,0.607328392929945,1,1
"5622",512,0.5,3,0.326465221084057,0.508681512463865,0.604169195882642,1,1
"5623",513,0.5,3,0.32966274902228,0.511479675467522,0.600971667944419,1,1
"5624",514,0.5,3,0.332897660354887,0.514272048453559,0.597736756611812,1,1
"5625",515,0.5,3,0.336168996507835,0.51705819047391,0.594465420458864,1,1
"5626",516,0.5,3,0.339475788113621,0.519837661564451,0.591158628853078,1,1
"5627",517,0.5,3,0.342817055298526,0.522610022814478,0.587817361668173,1,1
"5628",518,0.5,3,0.346191807972972,0.525374836436011,0.584442608993727,1,1
"5629",519,0.5,3,0.349599046124909,0.528131665832928,0.58103537084179,1,1
"5630",520,0.5,3,0.353037760116138,0.530880075669909,0.577596656850561,1,1
"5631",521,0.5,3,0.35650693098149,0.53361963194118,0.574127485985209,1,1
"5632",522,0.5,3,0.360005530730767,0.536349902039048,0.570628886235932,1,1
"5633",523,0.5,3,0.363532522653357,0.539070454822215,0.567101894313343,1,1
"5634",524,0.5,3,0.367086861625434,0.541780860683857,0.563547555341265,1,1
"5635",525,0.5,3,0.370667494419653,0.544480691619471,0.559966922547046,1,1
"5636",526,0.5,3,0.37427336001724,0.547169521294453,0.556361056949459,1,1
"5637",527,0.5,3,0.377903389922397,0.549846925111428,0.552731027044302,1,1
"5638",528,0.5,3,0.381556508478922,0.552512480277296,0.549077908487777,1,1
"5639",529,0.5,3,0.385231633188944,0.555165765869995,0.545402783777755,1,1
"5640",530,0.5,3,0.388927675033698,0.557806362904974,0.541706741933001,1,1
"5641",531,0.5,3,0.392643538796217,0.560433854401349,0.537990878170482,1,1
"5642",532,0.5,3,0.396378123385873,0.563047825447755,0.534256293580827,1,1
"5643",533,0.5,3,0.400130322164653,0.565647863267861,0.530504094802046,1,1
"5644",534,0.5,3,0.403899023275081,0.568233557285554,0.526735393691618,1,1
"5645",535,0.5,3,0.407683109969682,0.570804499189775,0.522951306997018,1,1
"5646",536,0.5,3,0.4114814609419,0.573360282998993,0.519152956024799,1,1
"5647",537,0.5,3,0.41529295065837,0.575900505125319,0.51534146630833,1,1
"5648",538,0.5,3,0.419116449692427,0.578424764438231,0.511517967274272,1,1
"5649",539,0.5,3,0.42295082505879,0.580932662327921,0.507683591907909,1,1
"5650",540,0.5,3,0.426794940549287,0.58342380276824,0.503839476417412,1,1
"5651",541,0.5,3,0.430647657069534,0.585897792379234,0.499986759897165,1,1
"5652",542,0.5,3,0.434507832976478,0.588354240489264,0.496126583990221,1,1
"5653",543,0.5,3,0.438374324416688,0.590792759196698,0.492260092550011,1,1
"5654",544,0.5,3,0.442245985665306,0.593212963431164,0.488388431301393,1,1
"5655",545,0.5,3,0.446121669465544,0.595614471014356,0.484512747501155,1,1
"5656",546,0.5,3,0.45000022736865,0.59799690272039,0.480634189598049,1,1
"5657",547,0.5,3,0.453880510074212,0.600359882335679,0.476753906892487,1,1
"5658",548,0.5,3,0.457761367770718,0.60270303671835,0.472873049195981,1,1
"5659",549,0.5,3,0.461641650476279,0.605025995857164,0.46899276649042,1,1
"5660",550,0.5,3,0.465520208379385,0.607328392929944,0.465114208587314,1,1
"5661",551,0.5,3,0.469395892179624,0.609609864361502,0.461238524787075,1,1
"5662",552,0.5,3,0.473267553428241,0.611870049881051,0.457366863538458,1,1
"5663",553,0.5,3,0.477134044868451,0.614108592579097,0.453500372098248,1,1
"5664",554,0.5,3,0.480994220775395,0.616325138963798,0.449640196191304,1,1
"5665",555,0.5,3,0.484846937295642,0.618519339016784,0.445787479671057,1,1
"5666",556,0.5,3,0.488691052786139,0.620690846248432,0.44194336418056,1,1
"5667",557,0.5,3,0.492525428152503,0.622839317752576,0.438108988814196,1,1
"5668",558,0.5,3,0.49634892718656,0.62496441426066,0.434285489780139,1,1
"5669",559,0.5,3,0.500160416903029,0.627065800195311,0.43047400006367,1,1
"5670",560,0.5,3,0.503958767875248,0.629143143723329,0.426675649091452,1,1
"5671",561,0.5,3,0.507742854569849,0.63119611680809,0.42289156239685,1,1
"5672",562,0.5,3,0.511511555680276,0.633224395261345,0.419122861286423,1,1
"5673",563,0.5,3,0.515263754459057,0.635227658794414,0.415370662507642,1,1
"5674",564,0.5,3,0.518998339048713,0.637205591068762,0.411636077917986,1,1
"5675",565,0.5,3,0.522714202811231,0.639157879745955,0.407920214155468,1,1
"5676",566,0.5,3,0.526410244655985,0.641084216536978,0.404224172310714,1,1
"5677",567,0.5,3,0.530085369366008,0.642984297250922,0.400549047600691,1,1
"5678",568,0.5,3,0.533738487922532,0.644857821843015,0.396895929044167,1,1
"5679",569,0.5,3,0.537368517827689,0.646704494462005,0.39326589913901,1,1
"5680",570,0.5,3,0.540974383425276,0.64852402349688,0.389660033541423,1,1
"5681",571,0.5,3,0.544555016219495,0.650316121622911,0.386079400747204,1,1
"5682",572,0.5,3,0.548109355191573,0.652080505847029,0.382525061775126,1,1
"5683",573,0.5,3,0.551636347114162,0.653816897552513,0.378998069852537,1,1
"5684",574,0.5,3,0.555134946863439,0.655525022542983,0.37549947010326,1,1
"5685",575,0.5,3,0.558604117728791,0.657204611085702,0.372030299237908,1,1
"5686",576,0.5,3,0.56204283172002,0.658855397954169,0.368591585246679,1,1
"5687",577,0.5,3,0.565450069871957,0.66047712247,0.365184347094742,1,1
"5688",578,0.5,3,0.568824822546403,0.662069528544096,0.361809594420296,1,1
"5689",579,0.5,3,0.572166089731308,0.663632364717076,0.358468327235391,1,1
"5690",580,0.5,3,0.575472881337094,0.665165384198993,0.355161535629605,1,1
"5691",581,0.5,3,0.578744217490043,0.666668344908298,0.351890199476656,1,1
"5692",582,0.5,3,0.58197912882265,0.668141009510074,0.348655288144049,1,1
"5693",583,0.5,3,0.585176656760872,0.669583145453507,0.345457760205827,1,1
"5694",584,0.5,3,0.588335853808175,0.670994525008615,0.342298563158524,1,1
"5695",585,0.5,3,0.591455783826291,0.672374925302204,0.339178633140408,1,1
"5696",586,0.5,3,0.594535522312622,0.673724128353066,0.336098894654078,1,1
"5697",587,0.5,3,0.597574156674188,0.675041921106399,0.333060260292511,1,1
"5698",588,0.5,3,0.60057078649805,0.676328095467451,0.330063630468649,1,1
"5699",589,0.5,3,0.603524523818117,0.67758244833438,0.327109893148582,1,1
"5700",590,0.5,3,0.606434493378276,0.678804781630328,0.324199923588423,1,1
"5701",591,0.5,3,0.609299832891742,0.679994902334698,0.321334584074957,1,1
"5702",592,0.5,3,0.61211969329658,0.681152622513633,0.318514723670119,1,1
"5703",593,0.5,3,0.614893239007293,0.682277759349697,0.315741177959406,1,1
"5704",594,0.5,3,0.61761964816243,0.683370135170741,0.313014768804269,1,1
"5705",595,0.5,3,0.620298112868116,0.68442957747796,0.310336304098583,1,1
"5706",596,0.5,3,0.622927839437455,0.685455918973131,0.307706577529244,1,1
"5707",597,0.5,3,0.625508048625709,0.686448997585034,0.30512636834099,1,1
"5708",598,0.5,3,0.628037975861209,0.687408656495045,0.30259644110549,1,1
"5709",599,0.5,3,0.630516871471917,0.688334744161898,0.300117545494782,1,1
"5710",600,0.5,3,0.632944000907563,0.689227114345613,0.297690416059136,1,1
"5711",601,0.5,3,0.635318644957315,0.690085626130595,0.295315772009384,1,1
"5712",602,0.5,3,0.63764009996289,0.690910143947879,0.292994317003809,1,1
"5713",603,0.5,3,0.63990767802707,0.691700537596546,0.290726738939629,1,1
"5714",604,0.5,3,0.642120707217537,0.692456682264275,0.288513709749162,1,1
"5715",605,0.5,3,0.644278531765979,0.693178458547057,0.28635588520072,1,1
"5716",606,0.5,3,0.646380512262414,0.693865752468051,0.284253904704285,1,1
"5717",607,0.5,3,0.648426025844656,0.694518455495579,0.282208391122043,1,1
"5718",608,0.5,3,0.650414466382884,0.695136464560266,0.280219950583815,1,1
"5719",609,0.5,3,0.652345244659254,0.695719682071318,0.278289172307445,1,1
"5720",610,0.5,3,0.654217788542492,0.696268015931927,0.276416628424207,1,1
"5721",611,0.5,3,0.656031543157433,0.696781379553822,0.274602873809266,1,1
"5722",612,0.5,3,0.65778597104944,0.697259691870934,0.272848445917259,1,1
"5723",613,0.5,3,0.659480552343666,0.697702877352205,0.271153864623033,1,1
"5724",614,0.5,3,0.6611147848991,0.69811086601351,0.269519632067599,1,1
"5725",615,0.5,3,0.662688184457368,0.698483593428709,0.267946232509331,1,1
"5726",616,0.5,3,0.664200284786223,0.698821000739822,0.266434132180476,1,1
"5727",617,0.5,3,0.665650637817704,0.699123034666324,0.264983779148996,1,1
"5728",618,0.5,3,0.667038813780906,0.699389647513557,0.263595603185793,1,1
"5729",619,0.5,3,0.668364401329333,0.699620797180261,0.262270015637367,1,1
"5730",620,0.5,3,0.669627007662785,0.699816447165224,0.261007409303915,1,1
"5731",621,0.5,3,0.670826258643756,0.699976566573046,0.259808158322943,1,1
"5732",622,0.5,3,0.671961798908299,0.700101130119015,0.2586726180584,1,1
"5733",623,0.5,3,0.673033291971326,0.700190118133105,0.257601124995373,1,1
"5734",624,0.5,3,0.674040420326319,0.700243516563076,0.25659399664038,1,1
"5735",625,0.5,3,0.674982885539409,0.700261316976697,0.25565153142729,1,1
"5736",626,0.5,3,0.675860408337815,0.700243516563076,0.254774008628884,1,1
"5737",627,0.5,3,0.676672728692592,0.700190118133105,0.253961688274107,1,1
"5738",628,0.5,3,0.677419605895689,0.700101130119015,0.253214811071011,1,1
"5739",629,0.5,3,0.67810081863127,0.699976566573046,0.252533598335429,1,1
"5740",630,0.5,3,0.678716165041301,0.699816447165224,0.251918251925398,1,1
"5741",631,0.5,3,0.679265462785359,0.699620797180261,0.25136895418134,1,1
"5742",632,0.5,3,0.67974854909467,0.699389647513557,0.250885867872029,1,1
"5743",633,0.5,3,0.680165280820333,0.699123034666324,0.250469136146366,1,1
"5744",634,0.5,3,0.680515534475744,0.698821000739822,0.250118882490955,1,1
"5745",635,0.5,3,0.680799206273186,0.698483593428709,0.249835210693513,1,1
"5746",636,0.5,3,0.681016212154583,0.69811086601351,0.249618204812116,1,1
"5747",637,0.5,3,0.68116648781641,0.697702877352206,0.249467929150289,1,1
"5748",638,0.5,3,0.681249988728744,0.697259691870934,0.249384428237955,1,1
"5749",639,0.5,3,0.681266690148463,0.696781379553822,0.249367726818236,1,1
"5750",640,0.5,3,0.681216587126577,0.696268015931927,0.249417829840122,1,1
"5751",641,0.5,3,0.68109969450969,0.695719682071318,0.249534722457009,1,1
"5752",642,0.5,3,0.68091604693561,0.695136464560266,0.249718370031089,1,1
"5753",643,0.5,3,0.680665698823075,0.694518455495579,0.249968718143624,1,1
"5754",644,0.5,3,0.680348724355634,0.693865752468051,0.250285692611065,1,1
"5755",645,0.5,3,0.679965217459663,0.693178458547057,0.250669199507037,1,1
"5756",646,0.5,3,0.679515291776531,0.692456682264275,0.251119125190168,1,1
"5757",647,0.5,3,0.678999080628929,0.691700537596546,0.25163533633777,1,1
"5758",648,0.5,3,0.678416736981361,0.690910143947879,0.252217679985338,1,1
"5759",649,0.5,3,0.677768433394817,0.690085626130595,0.252865983571882,1,1
"5760",650,0.5,3,0.677054361975642,0.689227114345613,0.253580054991057,1,1
"5761",651,0.5,3,0.676274734318608,0.688334744161898,0.254359682648091,1,1
"5762",652,0.5,3,0.675429781444215,0.687408656495045,0.255204635522484,1,1
"5763",653,0.5,3,0.674519753730236,0.686448997585034,0.256114663236463,1,1
"5764",654,0.5,3,0.673544920837523,0.685455918973131,0.257089496129176,1,1
"5765",655,0.5,3,0.6725055716301,0.68442957747796,0.258128845336599,1,1
"5766",656,0.5,3,0.671402014089568,0.683370135170742,0.259232402877131,1,1
"5767",657,0.5,3,0.670234575223844,0.682277759349697,0.260399841742856,1,1
"5768",658,0.5,3,0.669003600970258,0.681152622513633,0.261630815996441,1,1
"5769",659,0.5,3,0.667709456093049,0.679994902334698,0.262924960873651,1,1
"5770",660,0.5,3,0.666352524075273,0.678804781630328,0.264281892891426,1,1
"5771",661,0.5,3,0.664933207005173,0.67758244833438,0.265701209961526,1,1
"5772",662,0.5,3,0.663451925457027,0.676328095467451,0.267182491509672,1,1
"5773",663,0.5,3,0.661909118366528,0.675041921106399,0.268725298600171,1,1
"5774",664,0.5,3,0.660305242900712,0.673724128353066,0.270329174065987,1,1
"5775",665,0.5,3,0.658640774322495,0.672374925302204,0.271993642644204,1,1
"5776",666,0.5,3,0.656916205849838,0.670994525008615,0.273718211116861,1,1
"5777",667,0.5,3,0.655132048509599,0.669583145453507,0.2755023684571,1,1
"5778",668,0.5,3,0.653288830986104,0.668141009510074,0.277345585980595,1,1
"5779",669,0.5,3,0.651387099464484,0.666668344908298,0.279247317502215,1,1
"5780",670,0.5,3,0.649427417468832,0.665165384198993,0.281206999497867,1,1
"5781",671,0.5,3,0.647410365695217,0.663632364717076,0.283224051271482,1,1
"5782",672,0.5,3,0.64533654183961,0.662069528544096,0.285297875127089,1,1
"5783",673,0.5,3,0.643206560420778,0.66047712247,0.287427856545921,1,1
"5784",674,0.5,3,0.641021052598182,0.658855397954169,0.289613364368517,1,1
"5785",675,0.5,3,0.638780665984959,0.657204611085702,0.29185375098174,1,1
"5786",676,0.5,3,0.636486064456012,0.655525022542983,0.294148352510687,1,1
"5787",677,0.5,3,0.634137927951298,0.653816897552513,0.296496489015401,1,1
"5788",678,0.5,3,0.631736952274338,0.652080505847029,0.298897464692361,1,1
"5789",679,0.5,3,0.629283848886044,0.650316121622911,0.301350568080655,1,1
"5790",680,0.5,3,0.626779344693891,0.64852402349688,0.303855072272808,1,1
"5791",681,0.5,3,0.624224181836523,0.646704494462006,0.306410235130176,1,1
"5792",682,0.5,3,0.621619117463841,0.644857821843015,0.309015299502858,1,1
"5793",683,0.5,3,0.618964923512638,0.642984297250922,0.311669493454061,1,1
"5794",684,0.5,3,0.616262386477867,0.641084216536978,0.314372030488832,1,1
"5795",685,0.5,3,0.613512307179575,0.639157879745955,0.317122109787125,1,1
"5796",686,0.5,3,0.610715500525609,0.637205591068762,0.31991891644109,1,1
"5797",687,0.5,3,0.607872795270142,0.635227658794414,0.322761621696557,1,1
"5798",688,0.5,3,0.604985033768092,0.633224395261345,0.325649383198608,1,1
"5799",689,0.5,3,0.602053071725513,0.63119611680809,0.328581345241186,1,1
"5800",690,0.5,3,0.599077777946038,0.629143143723329,0.331556639020661,1,1
"5801",691,0.5,3,0.596060034073424,0.627065800195311,0.334574382893275,1,1
"5802",692,0.5,3,0.593000734330309,0.62496441426066,0.33763368263639,1,1
"5803",693,0.5,3,0.589900785253232,0.622839317752576,0.340733631713467,1,1
"5804",694,0.5,3,0.586761105424008,0.620690846248432,0.343873311542691,1,1
"5805",695,0.5,3,0.583582625197529,0.618519339016784,0.347051791769171,1,1
"5806",696,0.5,3,0.580366286426083,0.616325138963798,0.350268130540616,1,1
"5807",697,0.5,3,0.577113042180263,0.614108592579097,0.353521374786436,1,1
"5808",698,0.5,3,0.573823856466551,0.611870049881052,0.356810560500148,1,1
"5809",699,0.5,3,0.570499703941658,0.609609864361503,0.360134713025041,1,1
"5810",700,0.5,3,0.56714156962372,0.607328392929945,0.36349284734298,1,1
"5811",701,0.5,3,0.563750448600409,0.605025995857165,0.366883968366291,1,1
"5812",702,0.5,3,0.56032734573407,0.602703036718351,0.370307071232629,1,1
"5813",703,0.5,3,0.556873275363961,0.600359882335679,0.373761141602738,1,1
"5814",704,0.5,3,0.553389261005676,0.59799690272039,0.377245155961023,1,1
"5815",705,0.5,3,0.54987633504786,0.595614471014357,0.380758081918839,1,1
"5816",706,0.5,3,0.546335538446292,0.593212963431164,0.384298878520407,1,1
"5817",707,0.5,3,0.542767920415419,0.590792759196698,0.387866496551281,1,1
"5818",708,0.5,3,0.53917453811746,0.588354240489265,0.391459878849239,1,1
"5819",709,0.5,3,0.535556456349142,0.585897792379234,0.395077960617557,1,1
"5820",710,0.5,3,0.531914747226176,0.58342380276824,0.398719669740523,1,1
"5821",711,0.5,3,0.528250489865572,0.580932662327921,0.402383927101127,1,1
"5822",712,0.5,3,0.524564770065865,0.578424764438231,0.406069646900834,1,1
"5823",713,0.5,3,0.520858679985377,0.575900505125319,0.409775736981322,1,1
"5824",714,0.5,3,0.517133317818583,0.573360282998994,0.413501099148116,1,1
"5825",715,0.5,3,0.513389787470693,0.570804499189775,0.417244629496006,1,1
"5826",716,0.5,3,0.50962919823054,0.568233557285554,0.421005218736159,1,1
"5827",717,0.5,3,0.505852664441876,0.565647863267861,0.424781752524823,1,1
"5828",718,0.5,3,0.502061305173169,0.563047825447755,0.42857311179353,1,1
"5829",719,0.5,3,0.498256243885992,0.56043385440135,0.432378173080707,1,1
"5830",720,0.5,3,0.494438608102126,0.557806362904974,0.436195808864573,1,1
"5831",721,0.5,3,0.490609529069444,0.555165765869996,0.440024887897255,1,1
"5832",722,0.5,3,0.486770141426703,0.552512480277296,0.443864275539996,1,1
"5833",723,0.5,3,0.48292158286732,0.549846925111428,0.447712834099379,1,1
"5834",724,0.5,3,0.479064993802258,0.547169521294453,0.451569423164441,1,1
"5835",725,0.5,3,0.475201517022087,0.544480691619471,0.455432899944613,1,1
"5836",726,0.5,3,0.471332297358357,0.541780860683858,0.459302119608342,1,1
"5837",727,0.5,3,0.46745848134436,0.539070454822215,0.463175935622339,1,1
"5838",728,0.5,3,0.463581216875386,0.536349902039048,0.467053200091313,1,1
"5839",729,0.5,3,0.459701652868573,0.53361963194118,0.470932764098126,1,1
"5840",730,0.5,3,0.455820938922465,0.530880075669909,0.474813478044234,1,1
